"id","category","asset_name_zh","deliverable","priority","status","notes"
"art.ui.hud","ui","工业战术HUD","PNG界面图","S","pending","1920x1080"
"art.ui.build_mode","ui","建造模式","PNG界面图","S","pending","弱化网格高亮"
"art.ui.building_panel","ui","建筑信息面板","PNG界面图","S","pending","输入输出与停机原因"
"art.ui.fate","ui","命轨三选一","PNG界面图","A","pending","冷白遗产层"
"art.ui.leader","ui","领袖技能界面","PNG界面图","A","pending","岑烬头像与冷却"
"art.ui.event","ui","事件选择界面","PNG界面图","A","pending","工业与遗产两种边框"
"art.ui.boss","ui","Boss血条与阶段","PNG界面图","S","pending","结晶边缘与阶段刻度"
"art.ui.settlement","ui","结算界面","PNG界面图","A","pending","工业面板与遗产扫描"
"art.ui.icons","ui","通用图标阵列","PNG或SVG设计板","A","pending","资源建筑状态科技操作"
